,0,1,2,3,4,5,6,7,8,9,10,11
M,0.9591836734693877,0.02040816326530612,0.22448979591836735,0.0,0.0,0.0,0.0,0.0,0.0,0.0,0.0,0.0
S,0.04081632653061224,0.0,0.0,0.0,0.0,0.0,0.0,0.0,0.0,0.0,0.0,0.0
K,0.0,0.22448979591836735,0.14285714285714285,0.0,0.0,0.0,0.0,0.0,0.3877551020408163,0.061224489795918366,0.20408163265306123,0.46938775510204084
L,0.0,0.6326530612244898,0.1836734693877551,0.08163265306122448,0.9795918367346939,0.0,0.0,0.9795918367346939,0.0,0.0,0.5102040816326531,0.0
E,0.0,0.12244897959183673,0.02040816326530612,0.0,0.02040816326530612,0.0,0.0,0.0,0.02040816326530612,0.6122448979591837,0.10204081632653061,0.3469387755102041
G,0.0,0.0,0.02040816326530612,0.0,0.0,1.0,0.0,0.0,0.0,0.0,0.0,0.0
W,0.0,0.0,0.40816326530612246,0.0,0.0,0.0,0.0,0.0,0.0,0.0,0.0,0.0
N,0.0,0.0,0.0,0.02040816326530612,0.0,0.0,0.0,0.0,0.0,0.0,0.0,0.0
A,0.0,0.0,0.0,0.7142857142857143,0.0,0.0,0.0,0.0,0.0,0.02040816326530612,0.0,0.02040816326530612
V,0.0,0.0,0.0,0.16326530612244897,0.0,0.0,0.0,0.02040816326530612,0.2653061224489796,0.02040816326530612,0.10204081632653061,0.0
C,0.0,0.0,0.0,0.02040816326530612,0.0,0.0,0.0,0.0,0.0,0.0,0.0,0.0
P,0.0,0.0,0.0,0.0,0.0,0.0,1.0,0.0,0.0,0.0,0.0,0.0
R,0.0,0.0,0.0,0.0,0.0,0.0,0.0,0.0,0.12244897959183673,0.24489795918367346,0.02040816326530612,0.061224489795918366
I,0.0,0.0,0.0,0.0,0.0,0.0,0.0,0.0,0.12244897959183673,0.04081632653061224,0.0,0.0
T,0.0,0.0,0.0,0.0,0.0,0.0,0.0,0.0,0.08163265306122448,0.0,0.0,0.0
Q,0.0,0.0,0.0,0.0,0.0,0.0,0.0,0.0,0.0,0.0,0.061224489795918366,0.04081632653061224
D,0.0,0.0,0.0,0.0,0.0,0.0,0.0,0.0,0.0,0.0,0.0,0.061224489795918366
