,0,1,2,3,4,5,6,7,8,9,10,11,12,13,14,15,16,17,18,19
G,1.0,1.0,0.0,0.48186528497409326,0.9326424870466321,1.0,1.0,0.0,1.0,1.0,0.0,1.0,1.0,0.6269430051813472,1.0,1.0,1.0,1.0,1.0,0.02072538860103627
S,0.0,0.0,0.9637305699481865,0.47150259067357514,0.0,0.0,0.0,0.0,0.0,0.0,0.0,0.0,0.0,0.37305699481865284,0.0,0.0,0.0,0.0,0.0,0.6424870466321243
A,0.0,0.0,0.03626943005181347,0.046632124352331605,0.0,0.0,0.0,0.23834196891191708,0.0,0.0,0.0,0.0,0.0,0.0,0.0,0.0,0.0,0.0,0.0,0.08808290155440414
T,0.0,0.0,0.0,0.0,0.06735751295336788,0.0,0.0,0.0,0.0,0.0,0.8963730569948186,0.0,0.0,0.0,0.0,0.0,0.0,0.0,0.0,0.11917098445595854
E,0.0,0.0,0.0,0.0,0.0,0.0,0.0,0.14507772020725387,0.0,0.0,0.0,0.0,0.0,0.0,0.0,0.0,0.0,0.0,0.0,0.015544041450777202
Y,0.0,0.0,0.0,0.0,0.0,0.0,0.0,0.05699481865284974,0.0,0.0,0.0,0.0,0.0,0.0,0.0,0.0,0.0,0.0,0.0,0.0
D,0.0,0.0,0.0,0.0,0.0,0.0,0.0,0.13471502590673576,0.0,0.0,0.0,0.0,0.0,0.0,0.0,0.0,0.0,0.0,0.0,0.0
L,0.0,0.0,0.0,0.0,0.0,0.0,0.0,0.40414507772020725,0.0,0.0,0.0,0.0,0.0,0.0,0.0,0.0,0.0,0.0,0.0,0.0
R,0.0,0.0,0.0,0.0,0.0,0.0,0.0,0.0051813471502590676,0.0,0.0,0.0,0.0,0.0,0.0,0.0,0.0,0.0,0.0,0.0,0.0
F,0.0,0.0,0.0,0.0,0.0,0.0,0.0,0.010362694300518135,0.0,0.0,0.0,0.0,0.0,0.0,0.0,0.0,0.0,0.0,0.0,0.0
P,0.0,0.0,0.0,0.0,0.0,0.0,0.0,0.0051813471502590676,0.0,0.0,0.0,0.0,0.0,0.0,0.0,0.0,0.0,0.0,0.0,0.0
K,0.0,0.0,0.0,0.0,0.0,0.0,0.0,0.0,0.0,0.0,0.0051813471502590676,0.0,0.0,0.0,0.0,0.0,0.0,0.0,0.0,0.09844559585492228
V,0.0,0.0,0.0,0.0,0.0,0.0,0.0,0.0,0.0,0.0,0.09326424870466321,0.0,0.0,0.0,0.0,0.0,0.0,0.0,0.0,0.0
I,0.0,0.0,0.0,0.0,0.0,0.0,0.0,0.0,0.0,0.0,0.0051813471502590676,0.0,0.0,0.0,0.0,0.0,0.0,0.0,0.0,0.0
N,0.0,0.0,0.0,0.0,0.0,0.0,0.0,0.0,0.0,0.0,0.0,0.0,0.0,0.0,0.0,0.0,0.0,0.0,0.0,0.015544041450777202
